{
  "camera_poses": {
    "0": [
      [
        1.1920928244535389e-07,
        0.0,
        0.9999998807907104,
        1.5
      ],
      [
        0.9999998807907104,
        1.1920928244535389e-07,
        0.0,
        0.0
      ],
      [
        0.0,
        0.9999998807907104,
        1.1920928244535389e-07,
        0.0
      ]
    ],
    "1": [
      [
        -0.9999999403953552,
        -8.742277657347586e-08,
        0.0,
        0.0
      ],
      [
        0.0,
        3.4228538225988814e-08,
        0.9999999403953552,
        1.5
      ],
      [
        -8.742277657347586e-08,
        0.9999999403953552,
        3.4228538225988814e-08,
        0.0
      ]
    ],
    "2": [
      [
        1.1920928244535389e-07,
        0.0,
        -0.9999998807907104,
        -1.5
      ],
      [
        -0.9999998807907104,
        1.1920928244535389e-07,
        0.0,
        0.0
      ],
      [
        0.0,
        0.9999998807907104,
        1.1920928244535389e-07,
        0.0
      ]
    ],
    "3": [
      [
        1.0,
        0.0,
        0.0,
        0.0
      ],
      [
        0.0,
        3.422854177870249e-08,
        -0.9999999403953552,
        -1.5
      ],
      [
        0.0,
        0.9999999403953552,
        3.422854177870249e-08,
        0.0
      ]
    ],
    "4": [
      [
        -0.7071065902709961,
        3.893860878179112e-08,
        0.7071067690849304,
        1.0606499999999999
      ],
      [
        0.7071067690849304,
        4.762047112194523e-08,
        0.7071066498756409,
        1.0606499999999999
      ],
      [
        3.893860878179112e-08,
        0.9999999403953552,
        4.762047112194523e-08,
        0.0
      ]
    ],
    "5": [
      [
        -0.7071065902709961,
        -3.893860878179112e-08,
        -0.7071067690849304,
        -1.0606499999999999
      ],
      [
        -0.7071067690849304,
        4.762047112194523e-08,
        0.7071066498756409,
        1.0606499999999999
      ],
      [
        -3.893860878179112e-08,
        0.9999999403953552,
        4.762047112194523e-08,
        0.0
      ]
    ],
    "6": [
      [
        0.70710688829422,
        -3.893860878179112e-08,
        0.7071066498756409,
        1.0606499999999999
      ],
      [
        0.7071066498756409,
        1.1213607820081961e-07,
        -0.7071067690849304,
        -1.0606499999999999
      ],
      [
        3.893860878179112e-08,
        0.9999998807907104,
        1.4439386575304525e-07,
        0.0
      ]
    ],
    "7": [
      [
        0.70710688829422,
        3.893860878179112e-08,
        -0.7071066498756409,
        -1.0606499999999999
      ],
      [
        -0.7071066498756409,
        1.1213607820081961e-07,
        -0.7071067690849304,
        -1.0606499999999999
      ],
      [
        -3.893860878179112e-08,
        0.9999998807907104,
        1.4439386575304525e-07,
        0.0
      ]
    ]
  },
  "missing_textures": {
    "count": 0,
    "file_path_to_color": {},
    "files": []
  },
  "random_color": null,
  "scene_path": "inputs/000-020/f0607ade840d4fedaba74481b1b3c7cf.glb"
}